# vertica的flex-table

- 数据转换

1. 创建flex-table

   ```sql
   dbadmin=> CREATE FLEX TABLE start_json();
   CREATE TABLE
   ```

2. 创建一个json文件

   ```json
   {"name": "Everest", "type":"mountain", "height":29029, "hike_safety": 34.1}
   {"name": "Mt St Helens", "type":"volcano", "height":29029, "hike_safety": 15.4}
   {"name": "Denali", "type":"mountain", "height":17000, "hike_safety": 12.2}
   {"name": "Kilimanjaro", "type":"mountain", "height":14000 }
   {"name": "Mt Washington", "type":"mountain", "hike_safety": 50.6}
   ```

3. 数据copy

   ```sql
   dbadmin=> COPY start_json FROM '/home/dbadmin/qcfData/*json*' PARSER fjsonparser();
    Rows Loaded 
   -------------
              5
   (1 row)
   ```

4. 查询结果

   ```sql
   dbadmin=> select * from start_json();
   ERROR 4256:  Only relations and subqueries are allowed in the FROM clause
   dbadmin=>  SELECT maptostring(__raw__) FROM start_json;
                                                  maptostring                                                
   ----------------------------------------------------------------------------------------------------------
    {
      "height" : "29029",
      "hike_safety" : "34.1",
      "name" : "Everest",
      "type" : "mountain"
   }
    {
      "height" : "29029",
      "hike_safety" : "15.4",
      "name" : "Mt St Helens",
      "type" : "volcano"
   }
    {
      "height" : "17000",
      "hike_safety" : "12.2",
      "name" : "Denali",
      "type" : "mountain"
   }
    {
      "height" : "14000",
      "name" : "Kilimanjaro",
      "type" : "mountain"
   }
    {
      "hike_safety" : "50.6",
      "name" : "Mt Washington",
      "type" : "mountain"
   }
   
   (5 rows)
   ```

   ```sql
   dbadmin=>  SELECT start_json.type,start_json.name FROM start_json;
      type   |     name      
   ----------+---------------
    mountain | Everest
    volcano  | Mt St Helens
    mountain | Denali
    mountain | Kilimanjaro
    mountain | Mt Washington
   (5 rows)
   ```

   

- 此时如果使用 * 查询 会出现乱码：

  ```sql
  SELECT * FROM start_json;
  ```

  需要使用函数 compute_flextable_keys

  ```sql
  select compute_flextable_keys('start_json');
  ```

  

